lat,lon,alt,date,device,os,version
37.5504150391,126.917915344,0,2012-03-25 09:50:56,"iPhone2,1",4.2.1,1.0
37.5504150391,126.917915344,0,2012-03-25 09:50:56,"iPhone4,1",7.0.2,1.1
37.5504302979,126.917961121,0,2012-03-25 09:53:04,"iPhone2,1",4.2.1,1.0
37.550403595,126.917961121,0,2012-03-25 09:53:04,"iPhone2,1",4.2.1,1.0
37.5504302979,126.917961121,0,2012-03-25 09:53:04,"iPhone4,1",7.0.2,1.1
37.550403595,126.917961121,0,2012-03-25 09:53:04,"iPhone4,1",7.0.2,1.1
37.550403595,126.917961121,0,2012-03-25 09:55:12,"iPhone2,1",4.2.1,1.0
37.550403595,126.917961121,0,2012-03-25 09:55:12,"iPhone4,1",7.0.2,1.1
37.5458869934,126.922454834,0,2012-03-25 11:24:48,"iPhone2,1",4.2.1,1.0
37.5458869934,126.922454834,0,2012-03-25 11:24:48,"iPhone4,1",7.0.2,1.1
37.5503540039,126.917938232,0,2012-03-25 11:26:56,"iPhone2,1",4.2.1,1.0
37.5503540039,126.917938232,0,2012-03-25 11:26:56,"iPhone4,1",7.0.2,1.1
37.5503997803,126.917930603,0,2012-03-25 11:48:16,"iPhone2,1",4.2.1,1.0
37.5503997803,126.917930603,0,2012-03-25 11:48:16,"iPhone4,1",7.0.2,1.1
37.5411109924,126.901870728,0,2012-03-25 14:06:56,"iPhone2,1",4.2.1,1.0
37.5295372009,126.90977478,0,2012-03-25 14:06:56,"iPhone2,1",4.2.1,1.0
37.5411109924,126.901870728,0,2012-03-25 14:06:56,"iPhone4,1",7.0.2,1.1
37.5295372009,126.90977478,0,2012-03-25 14:06:56,"iPhone4,1",7.0.2,1.1
37.5187797546,126.922142029,0,2012-03-25 14:09:04,"iPhone2,1",4.2.1,1.0
37.5187797546,126.922142029,0,2012-03-25 14:09:04,"iPhone4,1",7.0.2,1.1
37.5193443298,126.94278717,0,2012-03-25 14:11:12,"iPhone2,1",4.2.1,1.0
37.5193443298,126.94278717,0,2012-03-25 14:11:12,"iPhone4,1",7.0.2,1.1
37.51329422,126.955474854,0,2012-03-25 14:13:20,"iPhone2,1",4.2.1,1.0
37.5008354187,126.948348999,0,2012-03-25 14:13:20,"iPhone2,1",4.2.1,1.0
37.51329422,126.955474854,0,2012-03-25 14:13:20,"iPhone4,1",7.0.2,1.1
37.5008354187,126.948348999,0,2012-03-25 14:13:20,"iPhone4,1",7.0.2,1.1
37.503200531,126.942703247,0,2012-03-25 14:51:44,"iPhone2,1",4.2.1,1.0
37.503200531,126.942703247,0,2012-03-25 14:51:44,"iPhone4,1",7.0.2,1.1
37.503200531,126.942703247,0,2012-03-25 14:53:52,"iPhone2,1",4.2.1,1.0
37.503200531,126.942703247,0,2012-03-25 14:53:52,"iPhone4,1",7.0.2,1.1
37.5030822754,126.945983887,0,2012-03-25 14:56:00,"iPhone2,1",4.2.1,1.0
37.503200531,126.942703247,0,2012-03-25 14:56:00,"iPhone2,1",4.2.1,1.0
37.5030822754,126.945983887,0,2012-03-25 14:56:00,"iPhone4,1",7.0.2,1.1
37.503200531,126.942703247,0,2012-03-25 14:56:00,"iPhone4,1",7.0.2,1.1
37.5135040283,126.955574036,0,2012-03-26 00:36:16,"iPhone2,1",4.2.1,1.0
37.5053520203,126.981208801,0,2012-03-26 00:36:16,"iPhone2,1",4.2.1,1.0
37.5135040283,126.955574036,0,2012-03-26 00:36:16,"iPhone4,1",7.0.2,1.1
37.5053520203,126.981208801,0,2012-03-26 00:36:16,"iPhone4,1",7.0.2,1.1
37.5192375183,126.959075928,0,2012-03-26 00:38:24,"iPhone2,1",4.2.1,1.0
37.5192375183,126.959075928,0,2012-03-26 00:38:24,"iPhone4,1",7.0.2,1.1
37.5356826782,126.971389771,0,2012-03-26 00:40:32,"iPhone2,1",4.2.1,1.0
37.5356826782,126.971389771,0,2012-03-26 00:40:32,"iPhone4,1",7.0.2,1.1
37.535446167,126.974693298,0,2012-03-26 00:42:40,"iPhone2,1",4.2.1,1.0
37.535446167,126.974693298,0,2012-03-26 00:42:40,"iPhone4,1",7.0.2,1.1
37.5519485474,126.969848633,0,2012-03-26 00:44:48,"iPhone2,1",4.2.1,1.0
37.5519485474,126.969848633,0,2012-03-26 00:44:48,"iPhone4,1",7.0.2,1.1
37.563533783,126.983100891,0,2012-03-26 00:49:04,"iPhone2,1",4.2.1,1.0
37.563533783,126.983100891,0,2012-03-26 00:49:04,"iPhone4,1",7.0.2,1.1
37.5548324585,126.994888306,0,2012-03-26 00:57:36,"iPhone2,1",4.2.1,1.0
37.5548324585,126.994888306,0,2012-03-26 00:57:36,"iPhone4,1",7.0.2,1.1
37.5566940308,126.994903564,0,2012-03-26 01:10:24,"iPhone2,1",4.2.1,1.0
37.5566940308,126.994903564,0,2012-03-26 01:10:24,"iPhone4,1",7.0.2,1.1
37.5566940308,126.994903564,0,2012-03-26 01:18:56,"iPhone2,1",4.2.1,1.0
37.5587081909,126.995780945,0,2012-03-26 01:18:56,"iPhone2,1",4.2.1,1.0
37.5566940308,126.994903564,0,2012-03-26 01:18:56,"iPhone4,1",7.0.2,1.1
37.5587081909,126.995780945,0,2012-03-26 01:18:56,"iPhone4,1",7.0.2,1.1
37.5642356873,127.006950378,0,2012-03-26 03:54:40,"iPhone2,1",4.2.1,1.0
37.5642356873,127.006950378,0,2012-03-26 03:54:40,"iPhone4,1",7.0.2,1.1
37.5728607178,127.021614075,0,2012-03-26 04:01:04,"iPhone2,1",4.2.1,1.0
37.5728607178,127.021614075,0,2012-03-26 04:01:04,"iPhone4,1",7.0.2,1.1
37.5813713074,127.039764404,0,2012-03-26 04:07:28,"iPhone2,1",4.2.1,1.0
37.5813713074,127.039764404,0,2012-03-26 04:07:28,"iPhone4,1",7.0.2,1.1
37.5881080627,127.054901123,0,2012-03-26 04:11:44,"iPhone2,1",4.2.1,1.0
37.5881080627,127.054901123,0,2012-03-26 04:11:44,"iPhone4,1",7.0.2,1.1
37.599899292,127.06149292,0,2012-03-26 04:13:52,"iPhone2,1",4.2.1,1.0
37.599899292,127.06149292,0,2012-03-26 04:13:52,"iPhone4,1",7.0.2,1.1
37.6041564941,127.058853149,0,2012-03-26 04:18:08,"iPhone2,1",4.2.1,1.0
37.6041564941,127.058853149,0,2012-03-26 04:18:08,"iPhone4,1",7.0.2,1.1
37.6075744629,127.058570862,0,2012-03-26 06:47:28,"iPhone2,1",4.2.1,1.0
37.6022796631,127.058486938,0,2012-03-26 06:47:28,"iPhone2,1",4.2.1,1.0
37.6075744629,127.058570862,0,2012-03-26 06:47:28,"iPhone4,1",7.0.2,1.1
37.6022796631,127.058486938,0,2012-03-26 06:47:28,"iPhone4,1",7.0.2,1.1
37.6024398804,127.05847168,0,2012-03-26 06:58:08,"iPhone2,1",4.2.1,1.0
37.6024398804,127.05847168,0,2012-03-26 06:58:08,"iPhone4,1",7.0.2,1.1
37.6075744629,127.058570862,0,2012-03-26 07:04:32,"iPhone2,1",4.2.1,1.0
37.602558136,127.058349609,0,2012-03-26 07:04:32,"iPhone2,1",4.2.1,1.0
37.6025085449,127.058372498,0,2012-03-26 07:04:32,"iPhone2,1",4.2.1,1.0
37.6075744629,127.058570862,0,2012-03-26 07:04:32,"iPhone4,1",7.0.2,1.1
37.602558136,127.058349609,0,2012-03-26 07:04:32,"iPhone4,1",7.0.2,1.1
37.6025085449,127.058372498,0,2012-03-26 07:04:32,"iPhone4,1",7.0.2,1.1
37.6084213257,127.030700684,0,2012-03-26 08:14:56,"iPhone2,1",4.2.1,1.0
37.6007804871,127.017295837,0,2012-03-26 08:14:56,"iPhone2,1",4.2.1,1.0
37.6084213257,127.030700684,0,2012-03-26 08:14:56,"iPhone4,1",7.0.2,1.1
37.6007804871,127.017295837,0,2012-03-26 08:14:56,"iPhone4,1",7.0.2,1.1
37.6088943481,127.004142761,0,2012-03-26 08:17:04,"iPhone2,1",4.2.1,1.0
37.6089134216,126.987121582,0,2012-03-26 08:17:04,"iPhone2,1",4.2.1,1.0
37.6088943481,127.004142761,0,2012-03-26 08:17:04,"iPhone4,1",7.0.2,1.1
37.6089134216,126.987121582,0,2012-03-26 08:17:04,"iPhone4,1",7.0.2,1.1
37.5985450745,126.95362854,0,2012-03-26 08:21:20,"iPhone2,1",4.2.1,1.0
37.5908851624,126.940681458,0,2012-03-26 08:21:20,"iPhone2,1",4.2.1,1.0
37.5985450745,126.95362854,0,2012-03-26 08:21:20,"iPhone4,1",7.0.2,1.1
37.5908851624,126.940681458,0,2012-03-26 08:21:20,"iPhone4,1",7.0.2,1.1
37.576915741,126.931907654,0,2012-03-26 08:23:28,"iPhone2,1",4.2.1,1.0
37.576915741,126.931907654,0,2012-03-26 08:23:28,"iPhone4,1",7.0.2,1.1
37.5684127808,126.914855957,0,2012-03-26 08:25:36,"iPhone2,1",4.2.1,1.0
37.5684127808,126.914855957,0,2012-03-26 08:25:36,"iPhone4,1",7.0.2,1.1
37.5616111755,126.895759583,0,2012-03-26 08:27:44,"iPhone2,1",4.2.1,1.0
37.5458183289,126.905197144,0,2012-03-26 08:27:44,"iPhone2,1",4.2.1,1.0
37.5616111755,126.895759583,0,2012-03-26 08:27:44,"iPhone4,1",7.0.2,1.1
37.5458183289,126.905197144,0,2012-03-26 08:27:44,"iPhone4,1",7.0.2,1.1
37.5518493652,126.919380188,0,2012-03-26 08:32:00,"iPhone2,1",4.2.1,1.0
37.5518493652,126.919380188,0,2012-03-26 08:32:00,"iPhone4,1",7.0.2,1.1
37.5201950073,126.914085388,0,2012-03-26 16:19:12,"iPhone2,1",4.2.1,1.0
37.5201950073,126.914085388,0,2012-03-26 16:19:12,"iPhone4,1",7.0.2,1.1
37.5187416077,126.935905457,0,2012-03-26 16:21:20,"iPhone2,1",4.2.1,1.0
37.5229148865,126.95488739,0,2012-03-26 16:21:20,"iPhone2,1",4.2.1,1.0
37.5187416077,126.935905457,0,2012-03-26 16:21:20,"iPhone4,1",7.0.2,1.1
37.5229148865,126.95488739,0,2012-03-26 16:21:20,"iPhone4,1",7.0.2,1.1
37.5099983215,126.953086853,0,2012-03-26 16:23:28,"iPhone2,1",4.2.1,1.0
37.5099983215,126.953086853,0,2012-03-26 16:23:28,"iPhone4,1",7.0.2,1.1
37.5006790161,126.940841675,0,2012-03-26 16:25:36,"iPhone2,1",4.2.1,1.0
37.5006790161,126.940841675,0,2012-03-26 16:25:36,"iPhone4,1",7.0.2,1.1
37.5024986267,126.946479797,0,2012-03-26 16:59:44,"iPhone2,1",4.2.1,1.0
37.5024986267,126.946479797,0,2012-03-26 16:59:44,"iPhone4,1",7.0.2,1.1
37.5030822754,126.945983887,0,2012-03-27 02:37:52,"iPhone2,1",4.2.1,1.0
37.5035247803,126.94304657,0,2012-03-27 02:37:52,"iPhone2,1",4.2.1,1.0
37.5031929016,126.942687988,0,2012-03-27 02:37:52,"iPhone2,1",4.2.1,1.0
37.5030822754,126.945983887,0,2012-03-27 02:37:52,"iPhone4,1",7.0.2,1.1
37.5035247803,126.94304657,0,2012-03-27 02:37:52,"iPhone4,1",7.0.2,1.1
37.5031929016,126.942687988,0,2012-03-27 02:37:52,"iPhone4,1",7.0.2,1.1
37.509765625,126.952926636,0,2012-03-27 04:35:12,"iPhone2,1",4.2.1,1.0
37.509765625,126.952926636,0,2012-03-27 04:35:12,"iPhone4,1",7.0.2,1.1
37.5231246948,126.955375671,0,2012-03-27 04:37:20,"iPhone2,1",4.2.1,1.0
37.5231246948,126.955375671,0,2012-03-27 04:37:20,"iPhone4,1",7.0.2,1.1
37.5365791321,126.942253113,0,2012-03-27 04:39:28,"iPhone2,1",4.2.1,1.0
37.5365791321,126.942253113,0,2012-03-27 04:39:28,"iPhone4,1",7.0.2,1.1
37.5458106995,126.922988892,0,2012-03-27 04:41:36,"iPhone2,1",4.2.1,1.0
37.5458106995,126.922988892,0,2012-03-27 04:41:36,"iPhone4,1",7.0.2,1.1
37.5504570007,126.917869568,0,2012-03-27 06:49:36,"iPhone2,1",4.2.1,1.0
37.5504570007,126.917869568,0,2012-03-27 06:49:36,"iPhone4,1",7.0.2,1.1
37.5548324585,126.937423706,0,2012-03-27 09:59:28,"iPhone2,1",4.2.1,1.0
37.5548324585,126.937423706,0,2012-03-27 09:59:28,"iPhone4,1",7.0.2,1.1
37.5556297302,126.959068298,0,2012-03-27 10:03:44,"iPhone2,1",4.2.1,1.0
37.5556297302,126.959068298,0,2012-03-27 10:03:44,"iPhone4,1",7.0.2,1.1
37.5633583069,126.983467102,0,2012-03-27 10:08:00,"iPhone2,1",4.2.1,1.0
37.5633583069,126.983467102,0,2012-03-27 10:08:00,"iPhone4,1",7.0.2,1.1
37.5634078979,127.004455566,0,2012-03-27 10:14:24,"iPhone2,1",4.2.1,1.0
37.5634078979,127.004455566,0,2012-03-27 10:14:24,"iPhone4,1",7.0.2,1.1
37.5638275146,126.987571716,0,2012-03-27 13:24:16,"iPhone2,1",4.2.1,1.0
37.5638275146,126.987571716,0,2012-03-27 13:24:16,"iPhone4,1",7.0.2,1.1
37.5726547241,126.974685669,0,2012-03-27 13:37:04,"iPhone2,1",4.2.1,1.0
37.5726547241,126.974685669,0,2012-03-27 13:37:04,"iPhone4,1",7.0.2,1.1
37.5635604858,126.9610672,0,2012-03-27 13:39:12,"iPhone2,1",4.2.1,1.0
37.5635604858,126.9610672,0,2012-03-27 13:39:12,"iPhone4,1",7.0.2,1.1
37.5548324585,126.948982239,0,2012-03-27 13:43:28,"iPhone2,1",4.2.1,1.0
37.5548324585,126.948982239,0,2012-03-27 13:43:28,"iPhone4,1",7.0.2,1.1
37.5548324585,126.931999207,0,2012-03-27 13:47:44,"iPhone2,1",4.2.1,1.0
37.5548324585,126.931999207,0,2012-03-27 13:47:44,"iPhone4,1",7.0.2,1.1
37.546005249,126.914710999,0,2012-03-27 17:27:28,"iPhone2,1",4.2.1,1.0
37.546005249,126.914710999,0,2012-03-27 17:27:28,"iPhone4,1",7.0.2,1.1
37.5391960144,126.9008255,0,2012-03-27 17:31:44,"iPhone2,1",4.2.1,1.0
37.5273704529,126.913475037,0,2012-03-27 17:31:44,"iPhone2,1",4.2.1,1.0
37.5391960144,126.9008255,0,2012-03-27 17:31:44,"iPhone4,1",7.0.2,1.1
37.5273704529,126.913475037,0,2012-03-27 17:31:44,"iPhone4,1",7.0.2,1.1
37.5184860229,126.927963257,0,2012-03-27 17:33:52,"iPhone2,1",4.2.1,1.0
37.5184860229,126.927963257,0,2012-03-27 17:33:52,"iPhone4,1",7.0.2,1.1
37.5185127258,126.949272156,0,2012-03-27 17:36:00,"iPhone2,1",4.2.1,1.0
37.5185127258,126.949272156,0,2012-03-27 17:36:00,"iPhone4,1",7.0.2,1.1
37.5033493042,126.949966431,0,2012-03-27 17:38:08,"iPhone2,1",4.2.1,1.0
37.5033493042,126.949966431,0,2012-03-27 17:38:08,"iPhone4,1",7.0.2,1.1
37.5026893616,126.945526123,0,2012-03-27 18:40:00,"iPhone2,1",4.2.1,1.0
37.5026893616,126.945526123,0,2012-03-27 18:40:00,"iPhone4,1",7.0.2,1.1
37.5231666565,126.954650879,0,2012-03-28 03:07:44,"iPhone2,1",4.2.1,1.0
37.5231666565,126.954650879,0,2012-03-28 03:07:44,"iPhone4,1",7.0.2,1.1
37.5187797546,126.965255737,0,2012-03-28 03:09:52,"iPhone2,1",4.2.1,1.0
37.5278091431,126.951316833,0,2012-03-28 03:09:52,"iPhone2,1",4.2.1,1.0
37.5187797546,126.965255737,0,2012-03-28 03:09:52,"iPhone4,1",7.0.2,1.1
37.5278091431,126.951316833,0,2012-03-28 03:09:52,"iPhone4,1",7.0.2,1.1
37.5384025574,126.938079834,0,2012-03-28 03:12:00,"iPhone2,1",4.2.1,1.0
37.5384025574,126.938079834,0,2012-03-28 03:12:00,"iPhone4,1",7.0.2,1.1
37.5456352234,126.924209595,0,2012-03-28 03:14:08,"iPhone2,1",4.2.1,1.0
37.5456352234,126.924209595,0,2012-03-28 03:14:08,"iPhone4,1",7.0.2,1.1
37.5535774231,126.923019409,0,2012-03-28 08:27:44,"iPhone2,1",4.2.1,1.0
37.5535774231,126.923019409,0,2012-03-28 08:27:44,"iPhone4,1",7.0.2,1.1
37.5504264832,126.925842285,0,2012-03-28 10:18:40,"iPhone2,1",4.2.1,1.0
37.5504264832,126.925842285,0,2012-03-28 10:18:40,"iPhone4,1",7.0.2,1.1
37.5454559326,126.908004761,0,2012-03-28 16:08:32,"iPhone2,1",4.2.1,1.0
37.5454559326,126.908004761,0,2012-03-28 16:08:32,"iPhone4,1",7.0.2,1.1
37.5368041992,126.896072388,0,2012-03-28 16:10:40,"iPhone2,1",4.2.1,1.0
37.5368041992,126.896072388,0,2012-03-28 16:10:40,"iPhone4,1",7.0.2,1.1
37.5187797546,126.922142029,0,2012-03-28 16:12:48,"iPhone2,1",4.2.1,1.0
37.5190696716,126.942138672,0,2012-03-28 16:12:48,"iPhone2,1",4.2.1,1.0
37.5187797546,126.922142029,0,2012-03-28 16:12:48,"iPhone4,1",7.0.2,1.1
37.5190696716,126.942138672,0,2012-03-28 16:12:48,"iPhone4,1",7.0.2,1.1
37.509765625,126.953170776,0,2012-03-28 16:14:56,"iPhone2,1",4.2.1,1.0
37.509765625,126.953170776,0,2012-03-28 16:14:56,"iPhone4,1",7.0.2,1.1
37.5008964539,126.940750122,0,2012-03-28 16:19:12,"iPhone2,1",4.2.1,1.0
37.5008964539,126.940750122,0,2012-03-28 16:19:12,"iPhone4,1",7.0.2,1.1
37.509765625,126.953308105,0,2012-03-29 03:07:44,"iPhone2,1",4.2.1,1.0
37.5235404968,126.955368042,0,2012-03-29 03:07:44,"iPhone2,1",4.2.1,1.0
37.509765625,126.953308105,0,2012-03-29 03:07:44,"iPhone4,1",7.0.2,1.1
37.5235404968,126.955368042,0,2012-03-29 03:07:44,"iPhone4,1",7.0.2,1.1
37.5365257263,126.942314148,0,2012-03-29 03:12:00,"iPhone2,1",4.2.1,1.0
37.5365257263,126.942314148,0,2012-03-29 03:12:00,"iPhone4,1",7.0.2,1.1
37.5456924438,126.930870056,0,2012-03-29 03:14:08,"iPhone2,1",4.2.1,1.0
37.5456924438,126.930870056,0,2012-03-29 03:14:08,"iPhone4,1",7.0.2,1.1
37.546043396,126.914741516,0,2012-03-29 04:09:36,"iPhone2,1",4.2.1,1.0
37.546043396,126.914741516,0,2012-03-29 04:09:36,"iPhone4,1",7.0.2,1.1
37.5502967834,126.917961121,0,2012-03-29 07:10:56,"iPhone2,1",4.2.1,1.0
37.5502967834,126.917961121,0,2012-03-29 07:10:56,"iPhone4,1",7.0.2,1.1
37.5416717529,126.902297974,0,2012-03-29 16:29:52,"iPhone2,1",4.2.1,1.0
37.5416717529,126.902297974,0,2012-03-29 16:29:52,"iPhone4,1",7.0.2,1.1
37.5295372009,126.90977478,0,2012-03-29 16:32:00,"iPhone2,1",4.2.1,1.0
37.5295372009,126.90977478,0,2012-03-29 16:32:00,"iPhone4,1",7.0.2,1.1
37.5187797546,126.922187805,0,2012-03-29 16:34:08,"iPhone2,1",4.2.1,1.0
37.5190696716,126.942138672,0,2012-03-29 16:34:08,"iPhone2,1",4.2.1,1.0
37.5187797546,126.922187805,0,2012-03-29 16:34:08,"iPhone4,1",7.0.2,1.1
37.5190696716,126.942138672,0,2012-03-29 16:34:08,"iPhone4,1",7.0.2,1.1
37.509765625,126.953170776,0,2012-03-29 16:36:16,"iPhone2,1",4.2.1,1.0
37.509765625,126.953170776,0,2012-03-29 16:36:16,"iPhone4,1",7.0.2,1.1
37.5009536743,126.940757751,0,2012-03-29 16:40:32,"iPhone2,1",4.2.1,1.0
37.5009536743,126.940757751,0,2012-03-29 16:40:32,"iPhone4,1",7.0.2,1.1
37.5034980774,126.9454422,0,2012-03-29 22:58:08,"iPhone2,1",4.2.1,1.0
37.5034980774,126.9454422,0,2012-03-29 22:58:08,"iPhone4,1",7.0.2,1.1
37.522644043,126.955734253,0,2012-03-30 00:49:04,"iPhone2,1",4.2.1,1.0
37.522644043,126.955734253,0,2012-03-30 00:49:04,"iPhone4,1",7.0.2,1.1
37.521320343,126.963157654,0,2012-03-30 00:51:12,"iPhone2,1",4.2.1,1.0
37.521320343,126.963157654,0,2012-03-30 00:51:12,"iPhone4,1",7.0.2,1.1
37.5333137512,126.970550537,0,2012-03-30 00:55:28,"iPhone2,1",4.2.1,1.0
37.5333137512,126.970550537,0,2012-03-30 00:55:28,"iPhone4,1",7.0.2,1.1
37.5459785461,126.968475342,0,2012-03-30 01:01:52,"iPhone2,1",4.2.1,1.0
37.5459785461,126.968475342,0,2012-03-30 01:01:52,"iPhone4,1",7.0.2,1.1
37.5571327209,126.976921082,0,2012-03-30 01:06:08,"iPhone2,1",4.2.1,1.0
37.5571327209,126.976921082,0,2012-03-30 01:06:08,"iPhone4,1",7.0.2,1.1
37.5637702942,126.994682312,0,2012-03-30 01:10:24,"iPhone2,1",4.2.1,1.0
37.5637702942,126.994682312,0,2012-03-30 01:10:24,"iPhone4,1",7.0.2,1.1
37.5638542175,126.976966858,0,2012-03-30 04:24:32,"iPhone2,1",4.2.1,1.0
37.5638542175,126.976966858,0,2012-03-30 04:24:32,"iPhone4,1",7.0.2,1.1
37.5579833984,126.959854126,0,2012-03-30 04:33:04,"iPhone2,1",4.2.1,1.0
37.5579833984,126.959854126,0,2012-03-30 04:33:04,"iPhone4,1",7.0.2,1.1
37.5548324585,126.943847656,0,2012-03-30 04:35:12,"iPhone2,1",4.2.1,1.0
37.5548324585,126.943847656,0,2012-03-30 04:35:12,"iPhone4,1",7.0.2,1.1
37.5548324585,126.924484253,0,2012-03-30 04:41:36,"iPhone2,1",4.2.1,1.0
37.5548324585,126.924484253,0,2012-03-30 04:41:36,"iPhone4,1",7.0.2,1.1
37.5504417419,126.917984009,0,2012-03-30 07:36:32,"iPhone2,1",4.2.1,1.0
37.5504417419,126.917984009,0,2012-03-30 07:36:32,"iPhone4,1",7.0.2,1.1
37.5411109924,126.901870728,0,2012-03-30 14:11:12,"iPhone2,1",4.2.1,1.0
37.5411109924,126.901870728,0,2012-03-30 14:11:12,"iPhone4,1",7.0.2,1.1
37.5295372009,126.90977478,0,2012-03-30 14:13:20,"iPhone2,1",4.2.1,1.0
37.5295372009,126.90977478,0,2012-03-30 14:13:20,"iPhone4,1",7.0.2,1.1
37.5187797546,126.922142029,0,2012-03-30 14:15:28,"iPhone2,1",4.2.1,1.0
37.5187797546,126.922142029,0,2012-03-30 14:15:28,"iPhone4,1",7.0.2,1.1
37.5189056396,126.942131042,0,2012-03-30 14:17:36,"iPhone2,1",4.2.1,1.0
37.5189056396,126.942131042,0,2012-03-30 14:17:36,"iPhone4,1",7.0.2,1.1
37.5007514954,126.948692322,0,2012-03-30 14:24:00,"iPhone2,1",4.2.1,1.0
37.5007514954,126.948692322,0,2012-03-30 14:24:00,"iPhone4,1",7.0.2,1.1
37.5036773682,126.94316864,0,2012-04-01 01:46:40,"iPhone2,1",4.2.1,1.0
37.5036773682,126.94316864,0,2012-04-01 01:46:40,"iPhone4,1",7.0.2,1.1
37.51329422,126.955474854,0,2012-04-01 02:29:20,"iPhone2,1",4.2.1,1.0
37.51329422,126.955474854,0,2012-04-01 02:29:20,"iPhone4,1",7.0.2,1.1
37.5277366638,126.950469971,0,2012-04-01 02:33:36,"iPhone2,1",4.2.1,1.0
37.5390930176,126.93661499,0,2012-04-01 02:33:36,"iPhone2,1",4.2.1,1.0
37.5277366638,126.950469971,0,2012-04-01 02:33:36,"iPhone4,1",7.0.2,1.1
37.5390930176,126.93661499,0,2012-04-01 02:33:36,"iPhone4,1",7.0.2,1.1
37.5457725525,126.922897339,0,2012-04-01 02:35:44,"iPhone2,1",4.2.1,1.0
37.5457725525,126.922897339,0,2012-04-01 02:35:44,"iPhone4,1",7.0.2,1.1
37.5818710327,126.88028717,0,2012-04-01 07:04:32,"iPhone2,1",4.2.1,1.0
37.5818710327,126.88028717,0,2012-04-01 07:04:32,"iPhone4,1",7.0.2,1.1
37.5518035889,126.914039612,0,2012-04-01 09:44:32,"iPhone2,1",4.2.1,1.0
37.5518035889,126.914039612,0,2012-04-01 09:44:32,"iPhone4,1",7.0.2,1.1
37.5032615662,126.942733765,0,2012-04-01 15:00:16,"iPhone2,1",4.2.1,1.0
37.5032615662,126.942733765,0,2012-04-01 15:00:16,"iPhone4,1",7.0.2,1.1
37.5231246948,126.955375671,0,2012-04-02 00:29:52,"iPhone2,1",4.2.1,1.0
37.5231246948,126.955375671,0,2012-04-02 00:29:52,"iPhone4,1",7.0.2,1.1
37.5212936401,126.963722229,0,2012-04-02 00:32:00,"iPhone2,1",4.2.1,1.0
37.5212936401,126.963722229,0,2012-04-02 00:32:00,"iPhone4,1",7.0.2,1.1
37.5368041992,126.976493835,0,2012-04-02 00:36:16,"iPhone2,1",4.2.1,1.0
37.5368041992,126.976493835,0,2012-04-02 00:36:16,"iPhone4,1",7.0.2,1.1
37.5634880066,126.982673645,0,2012-04-02 00:44:48,"iPhone2,1",4.2.1,1.0
37.5634880066,126.982673645,0,2012-04-02 00:44:48,"iPhone4,1",7.0.2,1.1
37.5548324585,126.994888306,0,2012-04-02 01:01:52,"iPhone2,1",4.2.1,1.0
37.5548324585,126.994888306,0,2012-04-02 01:01:52,"iPhone4,1",7.0.2,1.1
37.5728607178,127.003868103,0,2012-04-02 04:30:56,"iPhone2,1",4.2.1,1.0
37.5728607178,127.003868103,0,2012-04-02 04:30:56,"iPhone4,1",7.0.2,1.1
37.5728607178,127.021453857,0,2012-04-02 04:54:24,"iPhone2,1",4.2.1,1.0
37.5728607178,127.021453857,0,2012-04-02 04:54:24,"iPhone4,1",7.0.2,1.1
37.5810623169,127.039772034,0,2012-04-02 05:00:48,"iPhone2,1",4.2.1,1.0
37.5810623169,127.039772034,0,2012-04-02 05:00:48,"iPhone4,1",7.0.2,1.1
37.587852478,127.054527283,0,2012-04-02 05:07:12,"iPhone2,1",4.2.1,1.0
37.587852478,127.054527283,0,2012-04-02 05:07:12,"iPhone4,1",7.0.2,1.1
37.5998725891,127.062194824,0,2012-04-02 05:11:28,"iPhone2,1",4.2.1,1.0
37.5998725891,127.062194824,0,2012-04-02 05:11:28,"iPhone4,1",7.0.2,1.1
37.6089706421,127.050628662,0,2012-04-02 08:14:56,"iPhone2,1",4.2.1,1.0
37.6089706421,127.050628662,0,2012-04-02 08:14:56,"iPhone4,1",7.0.2,1.1
37.5999984741,127.036277771,0,2012-04-02 08:17:04,"iPhone2,1",4.2.1,1.0
37.5999984741,127.036277771,0,2012-04-02 08:17:04,"iPhone4,1",7.0.2,1.1
37.6007804871,127.017295837,0,2012-04-02 08:21:20,"iPhone2,1",4.2.1,1.0
37.6007804871,127.017295837,0,2012-04-02 08:21:20,"iPhone4,1",7.0.2,1.1
37.6088943481,127.003990173,0,2012-04-02 08:23:28,"iPhone2,1",4.2.1,1.0
37.6089134216,126.987922668,0,2012-04-02 08:23:28,"iPhone2,1",4.2.1,1.0
37.6088943481,127.003990173,0,2012-04-02 08:23:28,"iPhone4,1",7.0.2,1.1
37.6089134216,126.987922668,0,2012-04-02 08:23:28,"iPhone4,1",7.0.2,1.1
37.5646705627,127.015655518,0,2012-04-02 08:25:36,"iPhone2,1",4.2.1,1.0
37.5646705627,127.015655518,0,2012-04-02 08:25:36,"iPhone4,1",7.0.2,1.1
37.599899292,126.958816528,0,2012-04-02 08:34:08,"iPhone2,1",4.2.1,1.0
37.5909767151,126.941268921,0,2012-04-02 08:34:08,"iPhone2,1",4.2.1,1.0
37.599899292,126.958816528,0,2012-04-02 08:34:08,"iPhone4,1",7.0.2,1.1
37.5909767151,126.941268921,0,2012-04-02 08:34:08,"iPhone4,1",7.0.2,1.1
37.5778999329,126.931930542,0,2012-04-02 08:36:16,"iPhone2,1",4.2.1,1.0
37.5778999329,126.931930542,0,2012-04-02 08:36:16,"iPhone4,1",7.0.2,1.1
37.5682563782,126.915412903,0,2012-04-02 08:38:24,"iPhone2,1",4.2.1,1.0
37.5682563782,126.915412903,0,2012-04-02 08:38:24,"iPhone4,1",7.0.2,1.1
37.5613822937,126.895553589,0,2012-04-02 08:40:32,"iPhone2,1",4.2.1,1.0
37.5613822937,126.895553589,0,2012-04-02 08:40:32,"iPhone4,1",7.0.2,1.1
37.5483589172,126.904891968,0,2012-04-02 08:42:40,"iPhone2,1",4.2.1,1.0
37.5483589172,126.904891968,0,2012-04-02 08:42:40,"iPhone4,1",7.0.2,1.1
37.5461540222,126.922065735,0,2012-04-02 08:57:36,"iPhone2,1",4.2.1,1.0
37.5461540222,126.922065735,0,2012-04-02 08:57:36,"iPhone4,1",7.0.2,1.1
37.5416717529,126.902297974,0,2012-04-02 14:32:32,"iPhone2,1",4.2.1,1.0
37.5416717529,126.902297974,0,2012-04-02 14:32:32,"iPhone4,1",7.0.2,1.1
37.5297660828,126.90978241,0,2012-04-02 14:34:40,"iPhone2,1",4.2.1,1.0
37.5297660828,126.90978241,0,2012-04-02 14:34:40,"iPhone4,1",7.0.2,1.1
37.5187797546,126.922187805,0,2012-04-02 14:36:48,"iPhone2,1",4.2.1,1.0
37.5187797546,126.922187805,0,2012-04-02 14:36:48,"iPhone4,1",7.0.2,1.1
37.5190696716,126.942138672,0,2012-04-02 14:38:56,"iPhone2,1",4.2.1,1.0
37.5190696716,126.942138672,0,2012-04-02 14:38:56,"iPhone4,1",7.0.2,1.1
37.509765625,126.953170776,0,2012-04-02 14:41:04,"iPhone2,1",4.2.1,1.0
37.509765625,126.953170776,0,2012-04-02 14:41:04,"iPhone4,1",7.0.2,1.1
37.5008964539,126.940567017,0,2012-04-02 14:45:20,"iPhone2,1",4.2.1,1.0
37.5008964539,126.940567017,0,2012-04-02 14:45:20,"iPhone4,1",7.0.2,1.1
37.5458183289,126.923019409,0,2012-04-03 02:59:12,"iPhone2,1",4.2.1,1.0
37.5458183289,126.923019409,0,2012-04-03 02:59:12,"iPhone4,1",7.0.2,1.1
37.5416793823,126.902191162,0,2012-04-03 13:54:08,"iPhone2,1",4.2.1,1.0
37.5416793823,126.902191162,0,2012-04-03 13:54:08,"iPhone4,1",7.0.2,1.1
37.5299339294,126.909423828,0,2012-04-03 13:56:16,"iPhone2,1",4.2.1,1.0
37.5299339294,126.909423828,0,2012-04-03 13:56:16,"iPhone4,1",7.0.2,1.1
37.5187797546,126.922286987,0,2012-04-03 13:58:24,"iPhone2,1",4.2.1,1.0
37.5187797546,126.922286987,0,2012-04-03 13:58:24,"iPhone4,1",7.0.2,1.1
37.5190696716,126.942138672,0,2012-04-03 14:00:32,"iPhone2,1",4.2.1,1.0
37.509765625,126.953170776,0,2012-04-03 14:00:32,"iPhone2,1",4.2.1,1.0
37.5190696716,126.942138672,0,2012-04-03 14:00:32,"iPhone4,1",7.0.2,1.1
37.509765625,126.953170776,0,2012-04-03 14:00:32,"iPhone4,1",7.0.2,1.1
37.5007133484,126.941070557,0,2012-04-03 14:06:56,"iPhone2,1",4.2.1,1.0
37.5007133484,126.941070557,0,2012-04-03 14:06:56,"iPhone4,1",7.0.2,1.1
37.5034828186,126.945236206,0,2012-04-03 17:27:28,"iPhone2,1",4.2.1,1.0
37.5034828186,126.945236206,0,2012-04-03 17:27:28,"iPhone4,1",7.0.2,1.1
37.5023994446,126.946487427,0,2012-04-03 17:48:48,"iPhone2,1",4.2.1,1.0
37.5023994446,126.946487427,0,2012-04-03 17:48:48,"iPhone4,1",7.0.2,1.1
37.5035324097,126.94304657,0,2012-04-03 17:48:48,"iPhone4,1",7.0.2,1.1
37.5032997131,126.942611694,0,2012-04-05 02:42:08,"iPhone2,1",4.2.1,1.0
37.5032997131,126.942611694,0,2012-04-05 02:42:08,"iPhone4,1",7.0.2,1.1
37.5461807251,126.922439575,0,2012-04-05 10:08:00,"iPhone2,1",4.2.1,1.0
37.5504112244,126.917953491,0,2012-04-05 10:08:00,"iPhone2,1",4.2.1,1.0
37.5461807251,126.922439575,0,2012-04-05 10:08:00,"iPhone4,1",7.0.2,1.1
37.5504112244,126.917953491,0,2012-04-05 10:08:00,"iPhone4,1",7.0.2,1.1
37.5504188538,126.917915344,0,2012-04-05 10:10:08,"iPhone2,1",4.2.1,1.0
37.5504188538,126.917915344,0,2012-04-05 10:10:08,"iPhone4,1",7.0.2,1.1
37.5518798828,126.919532776,0,2012-04-05 10:14:24,"iPhone2,1",4.2.1,1.0
37.5518798828,126.919532776,0,2012-04-05 10:14:24,"iPhone4,1",7.0.2,1.1
37.5416717529,126.902297974,0,2012-04-05 14:58:08,"iPhone2,1",4.2.1,1.0
37.5416717529,126.902297974,0,2012-04-05 14:58:08,"iPhone4,1",7.0.2,1.1
37.5297279358,126.909454346,0,2012-04-05 15:00:16,"iPhone2,1",4.2.1,1.0
37.5297279358,126.909454346,0,2012-04-05 15:00:16,"iPhone4,1",7.0.2,1.1
37.5187797546,126.922142029,0,2012-04-05 15:02:24,"iPhone2,1",4.2.1,1.0
37.5190696716,126.942138672,0,2012-04-05 15:02:24,"iPhone2,1",4.2.1,1.0
37.5187797546,126.922142029,0,2012-04-05 15:02:24,"iPhone4,1",7.0.2,1.1
37.5190696716,126.942138672,0,2012-04-05 15:02:24,"iPhone4,1",7.0.2,1.1
37.509765625,126.953170776,0,2012-04-05 15:04:32,"iPhone2,1",4.2.1,1.0
37.509765625,126.953170776,0,2012-04-05 15:04:32,"iPhone4,1",7.0.2,1.1
37.5007514954,126.940986633,0,2012-04-05 15:08:48,"iPhone2,1",4.2.1,1.0
37.5007514954,126.940986633,0,2012-04-05 15:08:48,"iPhone4,1",7.0.2,1.1
37.509765625,126.953262329,0,2012-04-06 03:39:44,"iPhone2,1",4.2.1,1.0
37.509765625,126.953262329,0,2012-04-06 03:39:44,"iPhone4,1",7.0.2,1.1
37.5231246948,126.955375671,0,2012-04-06 03:41:52,"iPhone2,1",4.2.1,1.0
37.5231246948,126.955375671,0,2012-04-06 03:41:52,"iPhone4,1",7.0.2,1.1
37.5312805176,126.969581604,0,2012-04-06 03:46:08,"iPhone2,1",4.2.1,1.0
37.5312805176,126.969581604,0,2012-04-06 03:46:08,"iPhone4,1",7.0.2,1.1
37.5458183289,126.972602844,0,2012-04-06 03:48:16,"iPhone2,1",4.2.1,1.0
37.5458183289,126.972602844,0,2012-04-06 03:48:16,"iPhone4,1",7.0.2,1.1
37.5605812073,126.977783203,0,2012-04-06 03:54:40,"iPhone2,1",4.2.1,1.0
37.5605812073,126.977783203,0,2012-04-06 03:54:40,"iPhone4,1",7.0.2,1.1
37.5637702942,126.994682312,0,2012-04-06 03:56:48,"iPhone2,1",4.2.1,1.0
37.5637702942,126.994682312,0,2012-04-06 03:56:48,"iPhone4,1",7.0.2,1.1
37.5638542175,126.976966858,0,2012-04-06 08:40:32,"iPhone2,1",4.2.1,1.0
37.5638542175,126.976966858,0,2012-04-06 08:40:32,"iPhone4,1",7.0.2,1.1
37.5587768555,126.960121155,0,2012-04-06 08:49:04,"iPhone2,1",4.2.1,1.0
37.5587768555,126.960121155,0,2012-04-06 08:49:04,"iPhone4,1",7.0.2,1.1
37.5548324585,126.943847656,0,2012-04-06 08:57:36,"iPhone2,1",4.2.1,1.0
37.5548324585,126.943847656,0,2012-04-06 08:57:36,"iPhone4,1",7.0.2,1.1
37.5548324585,126.924491882,0,2012-04-06 09:08:16,"iPhone2,1",4.2.1,1.0
37.5548324585,126.924491882,0,2012-04-06 09:08:16,"iPhone4,1",7.0.2,1.1
37.5455322266,126.907875061,0,2012-04-06 16:10:40,"iPhone2,1",4.2.1,1.0
37.5455322266,126.907875061,0,2012-04-06 16:10:40,"iPhone4,1",7.0.2,1.1
37.5368041992,126.896072388,0,2012-04-06 16:12:48,"iPhone2,1",4.2.1,1.0
37.5368041992,126.896072388,0,2012-04-06 16:12:48,"iPhone4,1",7.0.2,1.1
37.5297279358,126.909454346,0,2012-04-06 16:14:56,"iPhone2,1",4.2.1,1.0
37.5297279358,126.909454346,0,2012-04-06 16:14:56,"iPhone4,1",7.0.2,1.1
37.5190696716,126.942138672,0,2012-04-06 16:17:04,"iPhone2,1",4.2.1,1.0
37.5190696716,126.942138672,0,2012-04-06 16:17:04,"iPhone4,1",7.0.2,1.1
37.5135040283,126.955574036,0,2012-04-06 16:19:12,"iPhone2,1",4.2.1,1.0
37.5007514954,126.949951172,0,2012-04-06 16:19:12,"iPhone2,1",4.2.1,1.0
37.5135040283,126.955574036,0,2012-04-06 16:19:12,"iPhone4,1",7.0.2,1.1
37.5007514954,126.949951172,0,2012-04-06 16:19:12,"iPhone4,1",7.0.2,1.1
37.5135040283,126.955574036,0,2012-04-07 09:14:40,"iPhone2,1",4.2.1,1.0
37.5135040283,126.955574036,0,2012-04-07 09:14:40,"iPhone4,1",7.0.2,1.1
37.5277366638,126.950469971,0,2012-04-07 09:18:56,"iPhone2,1",4.2.1,1.0
37.5277366638,126.950469971,0,2012-04-07 09:18:56,"iPhone4,1",7.0.2,1.1
37.5384559631,126.938064575,0,2012-04-07 09:23:12,"iPhone2,1",4.2.1,1.0
37.5384559631,126.938064575,0,2012-04-07 09:23:12,"iPhone4,1",7.0.2,1.1
37.5462036133,126.923019409,0,2012-04-07 09:25:20,"iPhone2,1",4.2.1,1.0
37.5462036133,126.923019409,0,2012-04-07 09:25:20,"iPhone4,1",7.0.2,1.1
37.5416793823,126.902191162,0,2012-04-07 14:43:12,"iPhone2,1",4.2.1,1.0
37.5298843384,126.909706116,0,2012-04-07 14:43:12,"iPhone2,1",4.2.1,1.0
37.5416793823,126.902191162,0,2012-04-07 14:43:12,"iPhone4,1",7.0.2,1.1
37.5298843384,126.909706116,0,2012-04-07 14:43:12,"iPhone4,1",7.0.2,1.1
37.5189971924,126.921760559,0,2012-04-07 14:45:20,"iPhone2,1",4.2.1,1.0
37.5189971924,126.921760559,0,2012-04-07 14:45:20,"iPhone4,1",7.0.2,1.1
37.5193443298,126.94278717,0,2012-04-07 14:47:28,"iPhone2,1",4.2.1,1.0
37.5193443298,126.94278717,0,2012-04-07 14:47:28,"iPhone4,1",7.0.2,1.1
37.51329422,126.955474854,0,2012-04-07 14:49:36,"iPhone2,1",4.2.1,1.0
37.51329422,126.955474854,0,2012-04-07 14:49:36,"iPhone4,1",7.0.2,1.1
37.5007133484,126.949966431,0,2012-04-07 14:51:44,"iPhone2,1",4.2.1,1.0
37.5007133484,126.949966431,0,2012-04-07 14:51:44,"iPhone4,1",7.0.2,1.1
37.5031585693,126.942504883,0,2012-04-07 15:04:32,"iPhone2,1",4.2.1,1.0
37.5031585693,126.942504883,0,2012-04-07 15:04:32,"iPhone4,1",7.0.2,1.1
37.5231666565,126.954650879,0,2012-04-08 04:28:48,"iPhone2,1",4.2.1,1.0
37.5231666565,126.954650879,0,2012-04-08 04:28:48,"iPhone4,1",7.0.2,1.1
37.509765625,126.953094482,0,2012-04-08 04:30:56,"iPhone2,1",4.2.1,1.0
37.509765625,126.953094482,0,2012-04-08 04:30:56,"iPhone4,1",7.0.2,1.1
37.5054168701,126.982589722,0,2012-04-08 04:33:04,"iPhone2,1",4.2.1,1.0
37.5054168701,126.982589722,0,2012-04-08 04:33:04,"iPhone4,1",7.0.2,1.1
37.5193595886,126.959030151,0,2012-04-08 04:35:12,"iPhone2,1",4.2.1,1.0
37.5193595886,126.959030151,0,2012-04-08 04:35:12,"iPhone4,1",7.0.2,1.1
37.5333518982,126.948478699,0,2012-04-08 04:37:20,"iPhone2,1",4.2.1,1.0
37.5333518982,126.948478699,0,2012-04-08 04:37:20,"iPhone4,1",7.0.2,1.1
37.5448493958,126.93208313,0,2012-04-08 04:39:28,"iPhone2,1",4.2.1,1.0
37.5448493958,126.93208313,0,2012-04-08 04:39:28,"iPhone4,1",7.0.2,1.1
37.546043396,126.914741516,0,2012-04-08 05:00:48,"iPhone2,1",4.2.1,1.0
37.546043396,126.914741516,0,2012-04-08 05:00:48,"iPhone4,1",7.0.2,1.1
37.5503768921,126.917930603,0,2012-04-08 07:57:52,"iPhone2,1",4.2.1,1.0
37.5503768921,126.917930603,0,2012-04-08 07:57:52,"iPhone4,1",7.0.2,1.1
37.5416717529,126.902297974,0,2012-04-08 12:28:48,"iPhone2,1",4.2.1,1.0
37.5416717529,126.902297974,0,2012-04-08 12:28:48,"iPhone4,1",7.0.2,1.1
37.5298843384,126.909706116,0,2012-04-08 12:30:56,"iPhone2,1",4.2.1,1.0
37.5298843384,126.909706116,0,2012-04-08 12:30:56,"iPhone4,1",7.0.2,1.1
37.5189971924,126.921760559,0,2012-04-08 12:33:04,"iPhone2,1",4.2.1,1.0
37.5189971924,126.921760559,0,2012-04-08 12:33:04,"iPhone4,1",7.0.2,1.1
37.5193443298,126.94278717,0,2012-04-08 12:35:12,"iPhone2,1",4.2.1,1.0
37.5193443298,126.94278717,0,2012-04-08 12:35:12,"iPhone4,1",7.0.2,1.1
37.5108566284,126.954841614,0,2012-04-08 12:37:20,"iPhone2,1",4.2.1,1.0
37.5108566284,126.954841614,0,2012-04-08 12:37:20,"iPhone4,1",7.0.2,1.1
37.5007514954,126.940986633,0,2012-04-08 12:41:36,"iPhone2,1",4.2.1,1.0
37.5007514954,126.940986633,0,2012-04-08 12:41:36,"iPhone4,1",7.0.2,1.1
37.5170021057,126.944038391,0,2012-04-09 04:26:40,"iPhone2,1",4.2.1,1.0
37.5170021057,126.944038391,0,2012-04-09 04:26:40,"iPhone4,1",7.0.2,1.1
37.513256073,126.95539093,0,2012-04-09 04:39:28,"iPhone2,1",4.2.1,1.0
37.513256073,126.95539093,0,2012-04-09 04:39:28,"iPhone4,1",7.0.2,1.1
37.5189628601,126.972976685,0,2012-04-09 04:43:44,"iPhone2,1",4.2.1,1.0
37.5189628601,126.972976685,0,2012-04-09 04:43:44,"iPhone4,1",7.0.2,1.1
37.5189247131,126.991531372,0,2012-04-09 04:45:52,"iPhone2,1",4.2.1,1.0
37.5189247131,126.991531372,0,2012-04-09 04:45:52,"iPhone4,1",7.0.2,1.1
37.5277442932,127.009864807,0,2012-04-09 04:48:00,"iPhone2,1",4.2.1,1.0
37.5360069275,127.025260925,0,2012-04-09 04:48:00,"iPhone2,1",4.2.1,1.0
37.5277442932,127.009864807,0,2012-04-09 04:48:00,"iPhone4,1",7.0.2,1.1
37.5360069275,127.025260925,0,2012-04-09 04:48:00,"iPhone4,1",7.0.2,1.1
37.5459098816,127.037139893,0,2012-04-09 04:50:08,"iPhone2,1",4.2.1,1.0
37.5459098816,127.037139893,0,2012-04-09 04:50:08,"iPhone4,1",7.0.2,1.1
37.554851532,127.048782349,0,2012-04-09 04:52:16,"iPhone2,1",4.2.1,1.0
37.554851532,127.048782349,0,2012-04-09 04:52:16,"iPhone4,1",7.0.2,1.1
37.5723724365,127.047157288,0,2012-04-09 04:54:24,"iPhone2,1",4.2.1,1.0
37.5723724365,127.047157288,0,2012-04-09 04:54:24,"iPhone4,1",7.0.2,1.1
37.5818710327,127.032798767,0,2012-04-09 04:56:32,"iPhone2,1",4.2.1,1.0
37.5818710327,127.032798767,0,2012-04-09 04:56:32,"iPhone4,1",7.0.2,1.1
37.6088562012,127.051200867,0,2012-04-09 05:00:48,"iPhone2,1",4.2.1,1.0
37.6088562012,127.051200867,0,2012-04-09 05:00:48,"iPhone4,1",7.0.2,1.1
37.6003494263,127.036193848,0,2012-04-09 08:23:28,"iPhone2,1",4.2.1,1.0
37.6003494263,127.036193848,0,2012-04-09 08:23:28,"iPhone4,1",7.0.2,1.1
37.6012268066,127.015533447,0,2012-04-09 08:25:36,"iPhone2,1",4.2.1,1.0
37.6012268066,127.015533447,0,2012-04-09 08:25:36,"iPhone4,1",7.0.2,1.1
37.6088676453,126.998138428,0,2012-04-09 08:27:44,"iPhone2,1",4.2.1,1.0
37.6088676453,126.998138428,0,2012-04-09 08:27:44,"iPhone4,1",7.0.2,1.1
37.5650558472,127.014854431,0,2012-04-09 08:29:52,"iPhone2,1",4.2.1,1.0
37.5650558472,127.014854431,0,2012-04-09 08:29:52,"iPhone4,1",7.0.2,1.1
37.591796875,126.948112488,0,2012-04-09 08:32:00,"iPhone2,1",4.2.1,1.0
37.591796875,126.948112488,0,2012-04-09 08:32:00,"iPhone4,1",7.0.2,1.1
37.5824966431,126.933113098,0,2012-04-09 08:34:08,"iPhone2,1",4.2.1,1.0
37.5824966431,126.933113098,0,2012-04-09 08:34:08,"iPhone4,1",7.0.2,1.1
37.5727233887,126.921951294,0,2012-04-09 08:36:16,"iPhone2,1",4.2.1,1.0
37.5638465881,126.906288147,0,2012-04-09 08:36:16,"iPhone2,1",4.2.1,1.0
37.5727233887,126.921951294,0,2012-04-09 08:36:16,"iPhone4,1",7.0.2,1.1
37.5638465881,126.906288147,0,2012-04-09 08:36:16,"iPhone4,1",7.0.2,1.1
37.5476951599,126.905006409,0,2012-04-09 08:38:24,"iPhone2,1",4.2.1,1.0
37.5476951599,126.905006409,0,2012-04-09 08:38:24,"iPhone4,1",7.0.2,1.1
37.5462989807,126.922386169,0,2012-04-09 09:08:16,"iPhone2,1",4.2.1,1.0
37.5462989807,126.922386169,0,2012-04-09 09:08:16,"iPhone4,1",7.0.2,1.1
37.5411109924,126.901870728,0,2012-04-09 14:41:04,"iPhone2,1",4.2.1,1.0
37.5411109924,126.901870728,0,2012-04-09 14:41:04,"iPhone4,1",7.0.2,1.1
37.5297279358,126.909454346,0,2012-04-09 14:43:12,"iPhone2,1",4.2.1,1.0
37.5187797546,126.922187805,0,2012-04-09 14:43:12,"iPhone2,1",4.2.1,1.0
37.5297279358,126.909454346,0,2012-04-09 14:43:12,"iPhone4,1",7.0.2,1.1
37.5187797546,126.922187805,0,2012-04-09 14:43:12,"iPhone4,1",7.0.2,1.1
37.5187797546,126.940826416,0,2012-04-09 14:45:20,"iPhone2,1",4.2.1,1.0
37.5187797546,126.940826416,0,2012-04-09 14:45:20,"iPhone4,1",7.0.2,1.1
37.51329422,126.955474854,0,2012-04-09 14:47:28,"iPhone2,1",4.2.1,1.0
37.51329422,126.955474854,0,2012-04-09 14:47:28,"iPhone4,1",7.0.2,1.1
37.5007514954,126.949958801,0,2012-04-09 14:49:36,"iPhone2,1",4.2.1,1.0
37.5007514954,126.949958801,0,2012-04-09 14:49:36,"iPhone4,1",7.0.2,1.1
37.5235404968,126.955368042,0,2012-04-09 23:32:16,"iPhone2,1",4.2.1,1.0
37.509765625,126.953453064,0,2012-04-09 23:32:16,"iPhone2,1",4.2.1,1.0
37.5235404968,126.955368042,0,2012-04-09 23:32:16,"iPhone4,1",7.0.2,1.1
37.509765625,126.953453064,0,2012-04-09 23:32:16,"iPhone4,1",7.0.2,1.1
37.522644043,126.955734253,0,2012-04-09 23:38:40,"iPhone2,1",4.2.1,1.0
37.522644043,126.955734253,0,2012-04-09 23:38:40,"iPhone4,1",7.0.2,1.1
37.5310516357,126.968009949,0,2012-04-09 23:45:04,"iPhone2,1",4.2.1,1.0
37.5310516357,126.968009949,0,2012-04-09 23:45:04,"iPhone4,1",7.0.2,1.1
37.5425300598,126.975006104,0,2012-04-09 23:47:12,"iPhone2,1",4.2.1,1.0
37.5425300598,126.975006104,0,2012-04-09 23:47:12,"iPhone4,1",7.0.2,1.1
37.5605316162,126.97756958,0,2012-04-09 23:55:44,"iPhone2,1",4.2.1,1.0
37.5605316162,126.97756958,0,2012-04-09 23:55:44,"iPhone4,1",7.0.2,1.1
37.5637702942,126.994735718,0,2012-04-09 23:57:52,"iPhone2,1",4.2.1,1.0
37.5637702942,126.994735718,0,2012-04-09 23:57:52,"iPhone4,1",7.0.2,1.1
37.5638465881,126.976921082,0,2012-04-10 08:06:24,"iPhone2,1",4.2.1,1.0
37.5638465881,126.976921082,0,2012-04-10 08:06:24,"iPhone4,1",7.0.2,1.1
37.5579833984,126.959854126,0,2012-04-10 08:14:56,"iPhone2,1",4.2.1,1.0
37.5579833984,126.959854126,0,2012-04-10 08:14:56,"iPhone4,1",7.0.2,1.1
37.5548324585,126.943847656,0,2012-04-10 08:21:20,"iPhone2,1",4.2.1,1.0
37.5548324585,126.943847656,0,2012-04-10 08:21:20,"iPhone4,1",7.0.2,1.1
37.5458183289,126.930198669,0,2012-04-10 08:32:00,"iPhone2,1",4.2.1,1.0
37.5458183289,126.930198669,0,2012-04-10 08:32:00,"iPhone4,1",7.0.2,1.1
37.5548324585,126.916374207,0,2012-04-10 09:50:56,"iPhone2,1",4.2.1,1.0
37.5548324585,126.916374207,0,2012-04-10 09:50:56,"iPhone4,1",7.0.2,1.1
37.541683197,126.902145386,0,2012-04-10 15:08:48,"iPhone2,1",4.2.1,1.0
37.541683197,126.902145386,0,2012-04-10 15:08:48,"iPhone4,1",7.0.2,1.1
37.5294685364,126.909667969,0,2012-04-10 15:10:56,"iPhone2,1",4.2.1,1.0
37.5294685364,126.909667969,0,2012-04-10 15:10:56,"iPhone4,1",7.0.2,1.1
37.5187492371,126.922172546,0,2012-04-10 15:13:04,"iPhone2,1",4.2.1,1.0
37.5187492371,126.922172546,0,2012-04-10 15:13:04,"iPhone4,1",7.0.2,1.1
37.5189247131,126.94178772,0,2012-04-10 15:15:12,"iPhone2,1",4.2.1,1.0
37.513256073,126.95539093,0,2012-04-10 15:15:12,"iPhone2,1",4.2.1,1.0
37.5189247131,126.94178772,0,2012-04-10 15:15:12,"iPhone4,1",7.0.2,1.1
37.513256073,126.95539093,0,2012-04-10 15:15:12,"iPhone4,1",7.0.2,1.1
37.5008163452,126.949966431,0,2012-04-10 15:17:20,"iPhone2,1",4.2.1,1.0
37.5008163452,126.949966431,0,2012-04-10 15:17:20,"iPhone4,1",7.0.2,1.1
37.5030326843,126.942420959,0,2012-04-10 16:40:32,"iPhone2,1",4.2.1,1.0
37.5030326843,126.942420959,0,2012-04-10 16:40:32,"iPhone4,1",7.0.2,1.1
37.522644043,126.955734253,0,2012-04-11 05:00:48,"iPhone2,1",4.2.1,1.0
37.522644043,126.955734253,0,2012-04-11 05:00:48,"iPhone4,1",7.0.2,1.1
37.5235404968,126.955368042,0,2012-04-11 05:02:56,"iPhone2,1",4.2.1,1.0
37.5235404968,126.955368042,0,2012-04-11 05:02:56,"iPhone4,1",7.0.2,1.1
37.5106658936,126.955131531,0,2012-04-11 05:05:04,"iPhone2,1",4.2.1,1.0
37.5106658936,126.955131531,0,2012-04-11 05:05:04,"iPhone4,1",7.0.2,1.1
37.5277366638,126.950469971,0,2012-04-11 05:07:12,"iPhone2,1",4.2.1,1.0
37.5277366638,126.950469971,0,2012-04-11 05:07:12,"iPhone4,1",7.0.2,1.1
37.5384559631,126.938064575,0,2012-04-11 05:09:20,"iPhone2,1",4.2.1,1.0
37.5384559631,126.938064575,0,2012-04-11 05:09:20,"iPhone4,1",7.0.2,1.1
37.5457801819,126.922912598,0,2012-04-11 05:11:28,"iPhone2,1",4.2.1,1.0
37.5457801819,126.922912598,0,2012-04-11 05:11:28,"iPhone4,1",7.0.2,1.1
37.5504302979,126.917861938,0,2012-04-11 09:48:48,"iPhone2,1",4.2.1,1.0
37.5504302979,126.917861938,0,2012-04-11 09:48:48,"iPhone4,1",7.0.2,1.1
37.5416793823,126.902191162,0,2012-04-11 10:18:40,"iPhone2,1",4.2.1,1.0
37.5416793823,126.902191162,0,2012-04-11 10:18:40,"iPhone4,1",7.0.2,1.1
37.5299949646,126.909446716,0,2012-04-11 10:20:48,"iPhone2,1",4.2.1,1.0
37.5299949646,126.909446716,0,2012-04-11 10:20:48,"iPhone4,1",7.0.2,1.1
37.5187797546,126.922309875,0,2012-04-11 10:22:56,"iPhone2,1",4.2.1,1.0
37.5187797546,126.922309875,0,2012-04-11 10:22:56,"iPhone4,1",7.0.2,1.1
37.5187797546,126.940895081,0,2012-04-11 10:25:04,"iPhone2,1",4.2.1,1.0
37.5187797546,126.940895081,0,2012-04-11 10:25:04,"iPhone4,1",7.0.2,1.1
37.5135040283,126.955574036,0,2012-04-11 10:27:12,"iPhone2,1",4.2.1,1.0
37.5135040283,126.955574036,0,2012-04-11 10:27:12,"iPhone4,1",7.0.2,1.1
37.5007896423,126.949966431,0,2012-04-11 10:31:28,"iPhone2,1",4.2.1,1.0
37.5007896423,126.949966431,0,2012-04-11 10:31:28,"iPhone4,1",7.0.2,1.1
37.5235404968,126.955368042,0,2012-04-12 10:14:24,"iPhone2,1",4.2.1,1.0
37.5235404968,126.955368042,0,2012-04-12 10:14:24,"iPhone4,1",7.0.2,1.1
37.5279197693,126.951568604,0,2012-04-12 10:20:48,"iPhone2,1",4.2.1,1.0
37.5279197693,126.951568604,0,2012-04-12 10:20:48,"iPhone4,1",7.0.2,1.1
37.5384559631,126.938064575,0,2012-04-12 10:29:20,"iPhone2,1",4.2.1,1.0
37.5384559631,126.938064575,0,2012-04-12 10:29:20,"iPhone4,1",7.0.2,1.1
37.5462036133,126.923019409,0,2012-04-12 10:35:44,"iPhone2,1",4.2.1,1.0
37.5462036133,126.923019409,0,2012-04-12 10:35:44,"iPhone4,1",7.0.2,1.1
37.5416793823,126.902191162,0,2012-04-12 14:11:12,"iPhone2,1",4.2.1,1.0
37.5416793823,126.902191162,0,2012-04-12 14:11:12,"iPhone4,1",7.0.2,1.1
37.5299949646,126.909446716,0,2012-04-12 14:13:20,"iPhone2,1",4.2.1,1.0
37.5299949646,126.909446716,0,2012-04-12 14:13:20,"iPhone4,1",7.0.2,1.1
37.5187797546,126.922309875,0,2012-04-12 14:15:28,"iPhone2,1",4.2.1,1.0
37.5187797546,126.922309875,0,2012-04-12 14:15:28,"iPhone4,1",7.0.2,1.1
37.5136604309,126.955871582,0,2012-04-12 14:17:36,"iPhone2,1",4.2.1,1.0
37.5136604309,126.955871582,0,2012-04-12 14:17:36,"iPhone4,1",7.0.2,1.1
37.500869751,126.948219299,0,2012-04-12 14:19:44,"iPhone2,1",4.2.1,1.0
37.500869751,126.948219299,0,2012-04-12 14:19:44,"iPhone4,1",7.0.2,1.1
37.513256073,126.95539093,0,2012-04-12 23:28:00,"iPhone2,1",4.2.1,1.0
37.513256073,126.95539093,0,2012-04-12 23:28:00,"iPhone4,1",7.0.2,1.1
37.5253410339,126.961906433,0,2012-04-12 23:30:08,"iPhone2,1",4.2.1,1.0
37.5253410339,126.961906433,0,2012-04-12 23:30:08,"iPhone4,1",7.0.2,1.1
37.5357284546,126.971755981,0,2012-04-12 23:36:32,"iPhone2,1",4.2.1,1.0
37.5357284546,126.971755981,0,2012-04-12 23:36:32,"iPhone4,1",7.0.2,1.1
37.5517959595,126.97026825,0,2012-04-12 23:45:04,"iPhone2,1",4.2.1,1.0
37.5517959595,126.97026825,0,2012-04-12 23:45:04,"iPhone4,1",7.0.2,1.1
37.5634384155,126.98285675,0,2012-04-12 23:51:28,"iPhone2,1",4.2.1,1.0
37.5634384155,126.98285675,0,2012-04-12 23:51:28,"iPhone4,1",7.0.2,1.1
37.5548324585,126.994888306,0,2012-04-13 00:04:16,"iPhone2,1",4.2.1,1.0
37.5548324585,126.994888306,0,2012-04-13 00:04:16,"iPhone4,1",7.0.2,1.1
37.5548324585,127.011222839,0,2012-04-13 09:23:12,"iPhone2,1",4.2.1,1.0
37.5548324585,127.011222839,0,2012-04-13 09:23:12,"iPhone4,1",7.0.2,1.1
37.5359535217,127.025314331,0,2012-04-13 09:27:28,"iPhone2,1",4.2.1,1.0
37.5359535217,127.025314331,0,2012-04-13 09:27:28,"iPhone4,1",7.0.2,1.1
37.5257568359,127.027618408,0,2012-04-13 09:31:44,"iPhone2,1",4.2.1,1.0
37.5257568359,127.027618408,0,2012-04-13 09:31:44,"iPhone4,1",7.0.2,1.1
37.5279388428,127.048034668,0,2012-04-13 09:50:56,"iPhone2,1",4.2.1,1.0
37.5279388428,127.048034668,0,2012-04-13 09:50:56,"iPhone4,1",7.0.2,1.1
37.5222625732,127.063209534,0,2012-04-13 09:55:12,"iPhone2,1",4.2.1,1.0
37.5222625732,127.063209534,0,2012-04-13 09:55:12,"iPhone4,1",7.0.2,1.1
37.5121116638,127.07572937,0,2012-04-13 09:59:28,"iPhone2,1",4.2.1,1.0
37.5121116638,127.07572937,0,2012-04-13 09:59:28,"iPhone4,1",7.0.2,1.1
37.5359535217,127.025314331,0,2012-04-13 13:52:00,"iPhone2,1",4.2.1,1.0
37.5359535217,127.025314331,0,2012-04-13 13:52:00,"iPhone4,1",7.0.2,1.1
37.5458183289,127.014579773,0,2012-04-13 13:54:08,"iPhone2,1",4.2.1,1.0
37.5458183289,127.014579773,0,2012-04-13 13:54:08,"iPhone4,1",7.0.2,1.1